3.493501245975494385e-02,9.398321509361267090e-01,9.398321509361267090e-01,9.346238374710083008e-01,-0.000000000000000000e+00,-0.000000000000000000e+00,-5.988950729370117188e-01,-0.000000000000000000e+00,-0.000000000000000000e+00,5.988950729370117188e-01,0.000000000000000000e+00,0.000000000000000000e+00,-3.493498265743255615e-02,-9.398321509361267090e-01,-9.398321509361267090e-01,-9.346238374710083008e-01,0.000000000000000000e+00,0.000000000000000000e+00
1.187772825360298157e-01,9.584546089172363281e-01,9.584546089172363281e-01,9.152473807334899902e-01,-0.000000000000000000e+00,-0.000000000000000000e+00,-6.493207812309265137e-01,-0.000000000000000000e+00,-0.000000000000000000e+00,6.493207812309265137e-01,0.000000000000000000e+00,0.000000000000000000e+00,-1.187772899866104126e-01,-9.584546089172363281e-01,-9.584546089172363281e-01,-9.152473807334899902e-01,0.000000000000000000e+00,0.000000000000000000e+00
2.007154822349548340e-01,9.741814732551574707e-01,9.741814732551574707e-01,8.935431241989135742e-01,-0.000000000000000000e+00,-0.000000000000000000e+00,-6.972315907478332520e-01,-0.000000000000000000e+00,-0.000000000000000000e+00,6.972315907478332520e-01,0.000000000000000000e+00,0.000000000000000000e+00,-2.007154524326324463e-01,-9.741808176040649414e-01,-9.741808176040649414e-01,-8.935431241989135742e-01,0.000000000000000000e+00,0.000000000000000000e+00
2.803177535533905029e-01,9.869363903999328613e-01,9.869363903999328613e-01,8.694617748260498047e-01,-0.000000000000000000e+00,-0.000000000000000000e+00,-7.424380779266357422e-01,-0.000000000000000000e+00,-0.000000000000000000e+00,7.424380779266357422e-01,0.000000000000000000e+00,0.000000000000000000e+00,-2.803177535533905029e-01,-9.869363307952880859e-01,-9.869363307952880859e-01,-8.694618344306945801e-01,0.000000000000000000e+00,0.000000000000000000e+00
3.571921885013580322e-01,9.966581463813781738e-01,9.966581463813781738e-01,8.429718613624572754e-01,-0.000000000000000000e+00,-0.000000000000000000e+00,-7.847624421119689941e-01,-0.000000000000000000e+00,-0.000000000000000000e+00,7.847624421119689941e-01,0.000000000000000000e+00,0.000000000000000000e+00,-3.571920990943908691e-01,-9.966581463813781738e-01,-9.966581463813781738e-01,-8.429718613624572754e-01,0.000000000000000000e+00,0.000000000000000000e+00
4.309840202331542969e-01,1.003306984901428223e+00,1.003306984901428223e+00,8.140576481819152832e-01,-0.000000000000000000e+00,-0.000000000000000000e+00,-8.240396380424499512e-01,-0.000000000000000000e+00,-0.000000000000000000e+00,8.240396380424499512e-01,0.000000000000000000e+00,0.000000000000000000e+00,-4.309839606285095215e-01,-1.003306984901428223e+00,-1.003306984901428223e+00,-8.140576481819152832e-01,0.000000000000000000e+00,0.000000000000000000e+00
5.013744831085205078e-01,1.006897211074829102e+00,1.006897211074829102e+00,7.827165722846984863e-01,-0.000000000000000000e+00,-0.000000000000000000e+00,-8.601187467575073242e-01,-0.000000000000000000e+00,-0.000000000000000000e+00,8.601187467575073242e-01,0.000000000000000000e+00,0.000000000000000000e+00,-5.013743042945861816e-01,-1.006897211074829102e+00,-1.006897211074829102e+00,-7.827165722846984863e-01,0.000000000000000000e+00,0.000000000000000000e+00
5.680754780769348145e-01,1.006255149841308594e+00,1.006255149841308594e+00,7.489658594131469727e-01,-0.000000000000000000e+00,-0.000000000000000000e+00,-8.928583860397338867e-01,-0.000000000000000000e+00,-0.000000000000000000e+00,8.928583860397338867e-01,0.000000000000000000e+00,0.000000000000000000e+00,-5.680758357048034668e-01,-1.006255149841308594e+00,-1.006255149841308594e+00,-7.489658594131469727e-01,0.000000000000000000e+00,0.000000000000000000e+00
6.308328509330749512e-01,9.961326718330383301e-01,9.961326718330383301e-01,7.128353118896484375e-01,-0.000000000000000000e+00,-0.000000000000000000e+00,-9.221331477165222168e-01,-0.000000000000000000e+00,-0.000000000000000000e+00,9.221331477165222168e-01,0.000000000000000000e+00,0.000000000000000000e+00,-6.308335661888122559e-01,-9.961326718330383301e-01,-9.961326718330383301e-01,-7.128353118896484375e-01,0.000000000000000000e+00,0.000000000000000000e+00
6.894187927246093750e-01,9.754638671875000000e-01,9.754638671875000000e-01,6.743736267089843750e-01,-0.000000000000000000e+00,-0.000000000000000000e+00,-9.478328227996826172e-01,1.377718057483434677e-02,1.377718057483434677e-02,9.478328227996826172e-01,-1.377718057483434677e-02,-1.377718057483434677e-02,-6.894186735153198242e-01,-9.754638671875000000e-01,-9.754638671875000000e-01,-6.743736267089843750e-01,0.000000000000000000e+00,0.000000000000000000e+00
7.436362504959106445e-01,9.445202946662902832e-01,9.445202946662902832e-01,6.336416602134704590e-01,-0.000000000000000000e+00,-0.000000000000000000e+00,-9.698573946952819824e-01,6.268268823623657227e-02,6.268268823623657227e-02,9.698573946952819824e-01,-6.268268823623657227e-02,-6.268268823623657227e-02,-7.436362504959106445e-01,-9.445201754570007324e-01,-9.445201754570007324e-01,-6.336416602134704590e-01,0.000000000000000000e+00,0.000000000000000000e+00
7.933138608932495117e-01,9.036715030670166016e-01,9.036715030670166016e-01,5.907180905342102051e-01,-0.000000000000000000e+00,-0.000000000000000000e+00,-9.881242513656616211e-01,1.115779280662536621e-01,1.115779280662536621e-01,9.881242513656616211e-01,-1.115779280662536621e-01,-1.115779280662536621e-01,-7.933133840560913086e-01,-9.036712050437927246e-01,-9.036712050437927246e-01,-5.907180905342102051e-01,0.000000000000000000e+00,0.000000000000000000e+00
8.383058309555053711e-01,8.533934950828552246e-01,8.533934950828552246e-01,5.456918478012084961e-01,-0.000000000000000000e+00,-0.000000000000000000e+00,-1.002564430236816406e+00,1.603438556194305420e-01,1.603438556194305420e-01,1.002564430236816406e+00,-1.603438556194305420e-01,-1.603438556194305420e-01,-8.383051156997680664e-01,-8.533928394317626953e-01,-8.533928394317626953e-01,-5.456918478012084961e-01,0.000000000000000000e+00,0.000000000000000000e+00
8.784919977188110352e-01,7.942652702331542969e-01,7.942652702331542969e-01,4.986728727817535400e-01,-0.000000000000000000e+00,-0.000000000000000000e+00,-1.013124704360961914e+00,2.088601291179656982e-01,2.088601291179656982e-01,1.013124704360961914e+00,-2.088601291179656982e-01,-2.088601291179656982e-01,-8.784919381141662598e-01,-7.942652702331542969e-01,-7.942652702331542969e-01,-4.986728727817535400e-01,0.000000000000000000e+00,0.000000000000000000e+00
9.137766957283020020e-01,7.269530892372131348e-01,7.269530892372131348e-01,4.497762322425842285e-01,-0.000000000000000000e+00,-0.000000000000000000e+00,-1.019787073135375977e+00,2.570064365863800049e-01,2.570064365863800049e-01,1.019787073135375977e+00,-2.570064365863800049e-01,-2.570064365863800049e-01,-9.137766957283020020e-01,-7.269530892372131348e-01,-7.269530892372131348e-01,-4.497762322425842285e-01,0.000000000000000000e+00,0.000000000000000000e+00
9.441130161285400391e-01,6.522068977355957031e-01,6.522068977355957031e-01,3.990972340106964111e-01,-0.000000000000000000e+00,-0.000000000000000000e+00,-1.022538661956787109e+00,3.046801686286926270e-01,3.046801686286926270e-01,1.022538661956787109e+00,-3.046801686286926270e-01,-3.046801686286926270e-01,-9.441129565238952637e-01,-6.522069573402404785e-01,-6.522069573402404785e-01,-3.990972340106964111e-01,0.000000000000000000e+00,0.000000000000000000e+00
9.696500301361083984e-01,5.708475112915039062e-01,5.708475112915039062e-01,3.464084267616271973e-01,-0.000000000000000000e+00,-0.000000000000000000e+00,-1.018007993698120117e+00,3.519334495067596436e-01,3.519334495067596436e-01,1.018007993698120117e+00,-3.519334495067596436e-01,-3.519334495067596436e-01,-9.696499705314636230e-01,-5.708470940589904785e-01,-5.708470940589904785e-01,-3.464084267616271973e-01,0.000000000000000000e+00,0.000000000000000000e+00
9.903483390808105469e-01,4.837554097175598145e-01,4.837554097175598145e-01,2.914246916770935059e-01,-0.000000000000000000e+00,-0.000000000000000000e+00,-1.002001166343688965e+00,3.988189101219177246e-01,3.988189101219177246e-01,1.002001166343688965e+00,-3.988189101219177246e-01,-3.988189101219177246e-01,-9.903483390808105469e-01,-4.837554693222045898e-01,-4.837554693222045898e-01,-2.914247214794158936e-01,0.000000000000000000e+00,0.000000000000000000e+00
1.005954742431640625e+00,3.918605744838714600e-01,3.918605744838714600e-01,2.342798262834548950e-01,-0.000000000000000000e+00,-0.000000000000000000e+00,-9.749933481216430664e-01,4.451795816421508789e-01,4.451795816421508789e-01,9.749933481216430664e-01,-4.451795816421508789e-01,-4.451795816421508789e-01,-1.005954742431640625e+00,-3.918615579605102539e-01,-3.918615579605102539e-01,-2.342803180217742920e-01,0.000000000000000000e+00,0.000000000000000000e+00
1.016306281089782715e+00,2.961360514163970947e-01,2.961360514163970947e-01,1.751836985349655151e-01,-0.000000000000000000e+00,-0.000000000000000000e+00,-9.377197623252868652e-01,4.908353984355926514e-01,4.908353984355926514e-01,9.377197623252868652e-01,-4.908353984355926514e-01,-4.908353984355926514e-01,-1.016306281089782715e+00,-2.961361110210418701e-01,-2.961361110210418701e-01,-1.751837134361267090e-01,0.000000000000000000e+00,0.000000000000000000e+00
1.021226406097412109e+00,1.975876539945602417e-01,1.975876539945602417e-01,1.143825501203536987e-01,-0.000000000000000000e+00,-0.000000000000000000e+00,-8.909968137741088867e-01,5.356077551841735840e-01,5.356077551841735840e-01,8.909968137741088867e-01,-5.356077551841735840e-01,-5.356077551841735840e-01,-1.021226406097412109e+00,-1.975877434015274048e-01,-1.975877434015274048e-01,-1.143825799226760864e-01,0.000000000000000000e+00,0.000000000000000000e+00
1.021711111068725586e+00,9.731265157461166382e-02,9.731265157461166382e-02,5.229763686656951904e-02,-0.000000000000000000e+00,-0.000000000000000000e+00,-8.358075022697448730e-01,5.793146491050720215e-01,5.793146491050720215e-01,8.358075022697448730e-01,-5.793146491050720215e-01,-5.793146491050720215e-01,-1.021711111068725586e+00,-9.731281548738479614e-02,-9.731281548738479614e-02,-5.229766666889190674e-02,0.000000000000000000e+00,0.000000000000000000e+00
1.020748734474182129e+00,-0.000000000000000000e+00,-0.000000000000000000e+00,-1.041181571781635284e-02,-0.000000000000000000e+00,-0.000000000000000000e+00,-7.733652591705322266e-01,6.217604279518127441e-01,6.217604279518127441e-01,7.733652591705322266e-01,-6.217604279518127441e-01,-6.217604279518127441e-01,-1.020748734474182129e+00,0.000000000000000000e+00,0.000000000000000000e+00,1.041178591549396515e-02,0.000000000000000000e+00,0.000000000000000000e+00
1.018906593322753906e+00,-0.000000000000000000e+00,-0.000000000000000000e+00,-7.335180789232254028e-02,-0.000000000000000000e+00,-0.000000000000000000e+00,-7.047070264816284180e-01,6.627975702285766602e-01,6.627975702285766602e-01,7.047070264816284180e-01,-6.627975702285766602e-01,-6.627975702285766602e-01,-1.018906593322753906e+00,0.000000000000000000e+00,0.000000000000000000e+00,7.335174828767776489e-02,0.000000000000000000e+00,0.000000000000000000e+00
1.015962243080139160e+00,-0.000000000000000000e+00,-0.000000000000000000e+00,-1.361841559410095215e-01,-0.000000000000000000e+00,-0.000000000000000000e+00,-6.308726668357849121e-01,7.022361755371093750e-01,7.022361755371093750e-01,6.308726668357849121e-01,-7.022361755371093750e-01,-7.022361755371093750e-01,-1.015962243080139160e+00,0.000000000000000000e+00,0.000000000000000000e+00,1.361841410398483276e-01,0.000000000000000000e+00,0.000000000000000000e+00
1.011707901954650879e+00,-0.000000000000000000e+00,-0.000000000000000000e+00,-1.986262649297714233e-01,-0.000000000000000000e+00,-0.000000000000000000e+00,-5.528405308723449707e-01,7.399003505706787109e-01,7.399003505706787109e-01,5.528405308723449707e-01,-7.399003505706787109e-01,-7.399003505706787109e-01,-1.011707901954650879e+00,0.000000000000000000e+00,0.000000000000000000e+00,1.986262649297714233e-01,0.000000000000000000e+00,0.000000000000000000e+00
1.005979299545288086e+00,-0.000000000000000000e+00,-0.000000000000000000e+00,-2.604082226753234863e-01,-0.000000000000000000e+00,-0.000000000000000000e+00,-4.715237021446228027e-01,7.756333947181701660e-01,7.756333947181701660e-01,4.715237021446228027e-01,-7.756333947181701660e-01,-7.756333947181701660e-01,-1.005979299545288086e+00,0.000000000000000000e+00,0.000000000000000000e+00,2.604082226753234863e-01,0.000000000000000000e+00,0.000000000000000000e+00
9.986315965652465820e-01,-0.000000000000000000e+00,-0.000000000000000000e+00,-3.212662935256958008e-01,-0.000000000000000000e+00,-0.000000000000000000e+00,-3.877775967121124268e-01,8.092812895774841309e-01,8.092812895774841309e-01,3.877775967121124268e-01,-8.092812895774841309e-01,-8.092812895774841309e-01,-9.986317157745361328e-01,0.000000000000000000e+00,0.000000000000000000e+00,3.212662935256958008e-01,0.000000000000000000e+00,0.000000000000000000e+00
9.895245432853698730e-01,-0.000000000000000000e+00,-0.000000000000000000e+00,-3.809445202350616455e-01,-0.000000000000000000e+00,-0.000000000000000000e+00,-3.023961782455444336e-01,8.406953811645507812e-01,8.406953811645507812e-01,3.023961782455444336e-01,-8.406953811645507812e-01,-8.406953811645507812e-01,-9.895245432853698730e-01,0.000000000000000000e+00,0.000000000000000000e+00,3.809445500373840332e-01,0.000000000000000000e+00,0.000000000000000000e+00
9.785331487655639648e-01,-0.000000000000000000e+00,-0.000000000000000000e+00,-4.391947090625762939e-01,-0.000000000000000000e+00,-0.000000000000000000e+00,-2.161107808351516724e-01,8.697388768196105957e-01,8.697388768196105957e-01,2.161107808351516724e-01,-8.697388768196105957e-01,-8.697388768196105957e-01,-9.785332083702087402e-01,0.000000000000000000e+00,0.000000000000000000e+00,4.391947686672210693e-01,0.000000000000000000e+00,0.000000000000000000e+00
9.655416011810302734e-01,-0.000000000000000000e+00,-0.000000000000000000e+00,-4.957765638828277588e-01,-0.000000000000000000e+00,-0.000000000000000000e+00,-1.295949667692184448e-01,8.962856531143188477e-01,8.962856531143188477e-01,1.295949667692184448e-01,-8.962856531143188477e-01,-8.962856531143188477e-01,-9.655417203903198242e-01,0.000000000000000000e+00,0.000000000000000000e+00,4.957767128944396973e-01,0.000000000000000000e+00,0.000000000000000000e+00
9.504459500312805176e-01,-0.000000000000000000e+00,-0.000000000000000000e+00,-5.504596233367919922e-01,-0.000000000000000000e+00,-0.000000000000000000e+00,-4.346633702516555786e-02,9.202187657356262207e-01,9.202187657356262207e-01,4.346633702516555786e-02,-9.202187657356262207e-01,-9.202187657356262207e-01,-9.504460096359252930e-01,0.000000000000000000e+00,0.000000000000000000e+00,5.504589676856994629e-01,0.000000000000000000e+00,0.000000000000000000e+00
9.331561923027038574e-01,-0.000000000000000000e+00,-0.000000000000000000e+00,-6.030218005180358887e-01,-0.000000000000000000e+00,-0.000000000000000000e+00,4.170957207679748535e-02,9.414284825325012207e-01,9.414284825325012207e-01,-4.170957207679748535e-02,-9.414284825325012207e-01,-9.414284825325012207e-01,-9.331561923027038574e-01,0.000000000000000000e+00,0.000000000000000000e+00,6.030219197273254395e-01,0.000000000000000000e+00,0.000000000000000000e+00
9.135962128639221191e-01,-0.000000000000000000e+00,-0.000000000000000000e+00,-6.532531380653381348e-01,-0.000000000000000000e+00,-0.000000000000000000e+00,1.254162788391113281e-01,9.598217606544494629e-01,9.598217606544494629e-01,-1.254162788391113281e-01,-9.598217606544494629e-01,-9.598217606544494629e-01,-9.135962128639221191e-01,0.000000000000000000e+00,0.000000000000000000e+00,6.532534956932067871e-01,0.000000000000000000e+00,0.000000000000000000e+00
8.917020559310913086e-01,-0.000000000000000000e+00,-0.000000000000000000e+00,-7.009544372558593750e-01,-0.000000000000000000e+00,-0.000000000000000000e+00,2.071826905012130737e-01,9.753128886222839355e-01,9.753128886222839355e-01,-2.071826905012130737e-01,-9.753128886222839355e-01,-9.753128886222839355e-01,-8.917020559310913086e-01,0.000000000000000000e+00,0.000000000000000000e+00,7.009544968605041504e-01,0.000000000000000000e+00,0.000000000000000000e+00
8.674291968345642090e-01,-0.000000000000000000e+00,-0.000000000000000000e+00,-7.459359765052795410e-01,-0.000000000000000000e+00,-0.000000000000000000e+00,2.865804731845855713e-01,9.878277778625488281e-01,9.878277778625488281e-01,-2.865804731845855713e-01,-9.878277778625488281e-01,-9.878277778625488281e-01,-8.674291968345642090e-01,0.000000000000000000e+00,0.000000000000000000e+00,7.459363341331481934e-01,0.000000000000000000e+00,0.000000000000000000e+00
8.407463431358337402e-01,-0.000000000000000000e+00,-0.000000000000000000e+00,-7.880219817161560059e-01,-0.000000000000000000e+00,-0.000000000000000000e+00,3.632204830646514893e-01,9.973043203353881836e-01,9.973043203353881836e-01,-3.632204830646514893e-01,-9.973043203353881836e-01,-9.973043203353881836e-01,-8.407463431358337402e-01,0.000000000000000000e+00,0.000000000000000000e+00,7.880234122276306152e-01,0.000000000000000000e+00,0.000000000000000000e+00
8.116362094879150391e-01,-0.000000000000000000e+00,-0.000000000000000000e+00,-8.270497322082519531e-01,-0.000000000000000000e+00,-0.000000000000000000e+00,4.367515742778778076e-01,1.003706455230712891e+00,1.003706455230712891e+00,-4.367515742778778076e-01,-1.003706455230712891e+00,-1.003706455230712891e+00,-8.116362094879150391e-01,0.000000000000000000e+00,0.000000000000000000e+00,8.270498514175415039e-01,0.000000000000000000e+00,0.000000000000000000e+00
7.801020145416259766e-01,-0.000000000000000000e+00,-0.000000000000000000e+00,-8.628657460212707520e-01,-0.000000000000000000e+00,-0.000000000000000000e+00,5.068561434745788574e-01,1.007049560546875000e+00,1.007049560546875000e+00,-5.068561434745788574e-01,-1.007049560546875000e+00,-1.007049560546875000e+00,-7.801020145416259766e-01,0.000000000000000000e+00,0.000000000000000000e+00,8.628657460212707520e-01,0.000000000000000000e+00,0.000000000000000000e+00
7.461592555046081543e-01,-0.000000000000000000e+00,-0.000000000000000000e+00,-8.953325152397155762e-01,-0.000000000000000000e+00,-0.000000000000000000e+00,5.732519030570983887e-01,1.005839109420776367e+00,1.005839109420776367e+00,-5.732519030570983887e-01,-1.005839109420776367e+00,-1.005839109420776367e+00,-7.461593151092529297e-01,0.000000000000000000e+00,0.000000000000000000e+00,8.953325152397155762e-01,0.000000000000000000e+00,0.000000000000000000e+00
7.098402380943298340e-01,-0.000000000000000000e+00,-0.000000000000000000e+00,-9.243253469467163086e-01,-0.000000000000000000e+00,-0.000000000000000000e+00,6.356813907623291016e-01,9.948619008064270020e-01,9.948619008064270020e-01,-6.356813907623291016e-01,-9.948619008064270020e-01,-9.948619008064270020e-01,-7.098402380943298340e-01,0.000000000000000000e+00,0.000000000000000000e+00,9.243253469467163086e-01,0.000000000000000000e+00,0.000000000000000000e+00
6.711939573287963867e-01,-0.000000000000000000e+00,-0.000000000000000000e+00,-9.497334361076354980e-01,1.769211888313293457e-02,1.769211888313293457e-02,6.939244866371154785e-01,9.733595848083496094e-01,9.733595848083496094e-01,-6.939244866371154785e-01,-9.733595848083496094e-01,-9.733595848083496094e-01,-6.711937785148620605e-01,0.000000000000000000e+00,0.000000000000000000e+00,9.497334361076354980e-01,-1.769230701029300690e-02,-1.769230701029300690e-02
6.302828788757324219e-01,-0.000000000000000000e+00,-0.000000000000000000e+00,-9.714606404304504395e-01,6.660121679306030273e-02,6.660121679306030273e-02,7.477844357490539551e-01,9.416081905364990234e-01,9.416081905364990234e-01,-7.477844357490539551e-01,-9.416081905364990234e-01,-9.416081905364990234e-01,-6.302829384803771973e-01,0.000000000000000000e+00,0.000000000000000000e+00,9.714606404304504395e-01,-6.660129874944686890e-02,-6.660129874944686890e-02
5.871880054473876953e-01,-0.000000000000000000e+00,-0.000000000000000000e+00,-9.894225001335144043e-01,1.154904365539550781e-01,1.154904365539550781e-01,7.970907688140869141e-01,8.999829292297363281e-01,8.999829292297363281e-01,-7.970907688140869141e-01,-8.999829292297363281e-01,-8.999829292297363281e-01,-5.871880054473876953e-01,0.000000000000000000e+00,0.000000000000000000e+00,9.894225001335144043e-01,-1.154906004667282104e-01,-1.154906004667282104e-01
5.419982671737670898e-01,-0.000000000000000000e+00,-0.000000000000000000e+00,-1.003553390502929688e+00,1.642407476902008057e-01,1.642407476902008057e-01,8.417030572891235352e-01,8.489755392074584961e-01,8.489755392074584961e-01,-8.417030572891235352e-01,-8.489755392074584961e-01,-8.489755392074584961e-01,-5.419982671737670898e-01,0.000000000000000000e+00,0.000000000000000000e+00,1.003553390502929688e+00,-1.642409116029739380e-01,-1.642409116029739380e-01
4.948236048221588135e-01,-0.000000000000000000e+00,-0.000000000000000000e+00,-1.013801217079162598e+00,2.127318829298019409e-01,2.127318829298019409e-01,8.814998269081115723e-01,7.891658544540405273e-01,7.891658544540405273e-01,-8.814998269081115723e-01,-7.891658544540405273e-01,-7.891658544540405273e-01,-4.948236048221588135e-01,0.000000000000000000e+00,0.000000000000000000e+00,1.013801217079162598e+00,-2.127321064472198486e-01,-2.127321064472198486e-01
4.457816779613494873e-01,-0.000000000000000000e+00,-0.000000000000000000e+00,-1.020154714584350586e+00,2.608433365821838379e-01,2.608433365821838379e-01,9.163875579833984375e-01,7.212293744087219238e-01,7.212293744087219238e-01,-9.163875579833984375e-01,-7.212293744087219238e-01,-7.212293744087219238e-01,-4.457816779613494873e-01,0.000000000000000000e+00,0.000000000000000000e+00,1.020152807235717773e+00,-2.608437836170196533e-01,-2.608437836170196533e-01
3.949583172798156738e-01,-0.000000000000000000e+00,-0.000000000000000000e+00,-1.022550463676452637e+00,3.084780871868133545e-01,3.084780871868133545e-01,9.463314414024353027e-01,6.459227800369262695e-01,6.459227800369262695e-01,-9.463314414024353027e-01,-6.459227800369262695e-01,-6.459227800369262695e-01,-3.949583470821380615e-01,0.000000000000000000e+00,0.000000000000000000e+00,1.022550463676452637e+00,-3.084782063961029053e-01,-3.084782063961029053e-01
3.420881927013397217e-01,-0.000000000000000000e+00,-0.000000000000000000e+00,-1.017145037651062012e+00,3.557049036026000977e-01,3.557049036026000977e-01,9.714905023574829102e-01,5.640710592269897461e-01,5.640710592269897461e-01,-9.714905023574829102e-01,-5.640710592269897461e-01,-5.640710592269897461e-01,-3.420882225036621094e-01,0.000000000000000000e+00,0.000000000000000000e+00,1.017145037651062012e+00,-3.557050526142120361e-01,-3.557050526142120361e-01
2.869247496128082275e-01,-0.000000000000000000e+00,-0.000000000000000000e+00,-1.000233054161071777e+00,4.025543332099914551e-01,4.025543332099914551e-01,9.917874336242675781e-01,4.765594601631164551e-01,4.765594601631164551e-01,-9.917874336242675781e-01,-4.765594601631164551e-01,-4.765594601631164551e-01,-2.869247496128082275e-01,0.000000000000000000e+00,0.000000000000000000e+00,1.000233054161071777e+00,-4.025538563728332520e-01,-4.025538563728332520e-01
2.296379655599594116e-01,-0.000000000000000000e+00,-0.000000000000000000e+00,-9.723880887031555176e-01,4.488469064235687256e-01,4.488469064235687256e-01,1.006976842880249023e+00,3.843577206134796143e-01,3.843577206134796143e-01,-1.006976842880249023e+00,-3.843577206134796143e-01,-3.843577206134796143e-01,-2.296379804611206055e-01,0.000000000000000000e+00,0.000000000000000000e+00,9.723880887031555176e-01,-4.488469958305358887e-01,-4.488469958305358887e-01
1.703956425189971924e-01,-0.000000000000000000e+00,-0.000000000000000000e+00,-9.343298077583312988e-01,4.944400191307067871e-01,4.944400191307067871e-01,1.016898632049560547e+00,2.883699536323547363e-01,2.883699536323547363e-01,-1.016898632049560547e+00,-2.883699536323547363e-01,-2.883699536323547363e-01,-1.703956276178359985e-01,0.000000000000000000e+00,0.000000000000000000e+00,9.343297481536865234e-01,-4.944397807121276855e-01,-4.944397807121276855e-01
1.094723790884017944e-01,-0.000000000000000000e+00,-0.000000000000000000e+00,-8.868928551673889160e-01,5.391334295272827148e-01,5.391334295272827148e-01,1.021387815475463867e+00,1.896418184041976929e-01,1.896418184041976929e-01,-1.021387815475463867e+00,-1.896418184041976929e-01,-1.896418184041976929e-01,-1.094723567366600037e-01,0.000000000000000000e+00,0.000000000000000000e+00,8.868928551673889160e-01,-5.391335487365722656e-01,-5.391335487365722656e-01
4.731321707367897034e-02,-0.000000000000000000e+00,-0.000000000000000000e+00,-8.310788273811340332e-01,5.827473402023315430e-01,5.827473402023315430e-01,1.021667003631591797e+00,8.928151428699493408e-02,8.928151428699493408e-02,-1.021667003631591797e+00,-8.928151428699493408e-02,-8.928151428699493408e-02,-4.731320217251777649e-02,0.000000000000000000e+00,0.000000000000000000e+00,8.310802578926086426e-01,-5.827474594116210938e-01,-5.827474594116210938e-01
-1.545002777129411697e-02,-0.000000000000000000e+00,-0.000000000000000000e+00,-7.680805921554565430e-01,6.251024603843688965e-01,6.251024603843688965e-01,1.020636200904846191e+00,-0.000000000000000000e+00,-0.000000000000000000e+00,-1.020636200904846191e+00,0.000000000000000000e+00,0.000000000000000000e+00,1.545004080981016159e-02,0.000000000000000000e+00,0.000000000000000000e+00,7.680805921554565430e-01,-6.251025199890136719e-01,-6.251025199890136719e-01
-7.839217036962509155e-02,-0.000000000000000000e+00,-0.000000000000000000e+00,-6.989712715148925781e-01,6.660174131393432617e-01,6.660174131393432617e-01,1.018714427947998047e+00,-0.000000000000000000e+00,-0.000000000000000000e+00,-1.018714427947998047e+00,0.000000000000000000e+00,0.000000000000000000e+00,7.839217782020568848e-02,0.000000000000000000e+00,0.000000000000000000e+00,6.989712715148925781e-01,-6.660174727439880371e-01,-6.660174727439880371e-01
-1.412033587694168091e-01,-0.000000000000000000e+00,-0.000000000000000000e+00,-6.247663497924804688e-01,7.053185105323791504e-01,7.053185105323791504e-01,1.015671014785766602e+00,-0.000000000000000000e+00,-0.000000000000000000e+00,-1.015671014785766602e+00,0.000000000000000000e+00,0.000000000000000000e+00,1.412033736705780029e-01,0.000000000000000000e+00,0.000000000000000000e+00,6.247663497924804688e-01,-7.053185105323791504e-01,-7.053185105323791504e-01
-2.036025524139404297e-01,-0.000000000000000000e+00,-0.000000000000000000e+00,-5.464367866516113281e-01,7.428358793258666992e-01,7.428358793258666992e-01,1.011305212974548340e+00,-0.000000000000000000e+00,-0.000000000000000000e+00,-1.011305212974548340e+00,0.000000000000000000e+00,0.000000000000000000e+00,2.036026418209075928e-01,0.000000000000000000e+00,0.000000000000000000e+00,5.464367866516113281e-01,-7.428362965583801270e-01,-7.428362965583801270e-01
-2.653200924396514893e-01,-0.000000000000000000e+00,-0.000000000000000000e+00,-4.648945033550262451e-01,7.784084081649780273e-01,7.784084081649780273e-01,1.005453467369079590e+00,-0.000000000000000000e+00,-0.000000000000000000e+00,-1.005453467369079590e+00,0.000000000000000000e+00,0.000000000000000000e+00,2.653200924396514893e-01,0.000000000000000000e+00,0.000000000000000000e+00,4.648944735527038574e-01,-7.784084081649780273e-01,-7.784084081649780273e-01
-3.260930478572845459e-01,-0.000000000000000000e+00,-0.000000000000000000e+00,-3.809893131256103516e-01,8.118817806243896484e-01,8.118817806243896484e-01,9.979687333106994629e-01,-0.000000000000000000e+00,-0.000000000000000000e+00,-9.979687333106994629e-01,0.000000000000000000e+00,0.000000000000000000e+00,3.260930478572845459e-01,0.000000000000000000e+00,0.000000000000000000e+00,3.809893727302551270e-01,-8.118816018104553223e-01,-8.118816018104553223e-01
-3.856662213802337646e-01,-0.000000000000000000e+00,-0.000000000000000000e+00,-2.955092191696166992e-01,8.431103229522705078e-01,8.431103229522705078e-01,9.887150526046752930e-01,-0.000000000000000000e+00,-0.000000000000000000e+00,-9.887150526046752930e-01,0.000000000000000000e+00,0.000000000000000000e+00,3.856662213802337646e-01,0.000000000000000000e+00,0.000000000000000000e+00,2.955092787742614746e-01,-8.431124687194824219e-01,-8.431124687194824219e-01
-4.437913298606872559e-01,-0.000000000000000000e+00,-0.000000000000000000e+00,-2.091813832521438599e-01,8.719589710235595703e-01,8.719589710235595703e-01,9.775677919387817383e-01,-0.000000000000000000e+00,-0.000000000000000000e+00,-9.775677919387817383e-01,0.000000000000000000e+00,0.000000000000000000e+00,4.437913298606872559e-01,0.000000000000000000e+00,0.000000000000000000e+00,2.091814875602722168e-01,-8.719589114189147949e-01,-8.719589114189147949e-01
-5.002293586730957031e-01,-0.000000000000000000e+00,-0.000000000000000000e+00,-1.226745620369911194e-01,8.983007669448852539e-01,8.983007669448852539e-01,9.644114971160888672e-01,-0.000000000000000000e+00,-0.000000000000000000e+00,-9.644114971160888672e-01,0.000000000000000000e+00,0.000000000000000000e+00,5.002293586730957031e-01,0.000000000000000000e+00,0.000000000000000000e+00,1.226746216416358948e-01,-8.983005285263061523e-01,-8.983005285263061523e-01
-5.547503232955932617e-01,-0.000000000000000000e+00,-0.000000000000000000e+00,-3.660206869244575500e-02,9.220182895660400391e-01,9.220182895660400391e-01,9.491432309150695801e-01,-0.000000000000000000e+00,-0.000000000000000000e+00,-9.491432309150695801e-01,0.000000000000000000e+00,0.000000000000000000e+00,5.547503232955932617e-01,0.000000000000000000e+00,0.000000000000000000e+00,3.660214692354202271e-02,-9.220182895660400391e-01,-9.220182895660400391e-01
-6.071338057518005371e-01,-0.000000000000000000e+00,-0.000000000000000000e+00,4.847461357712745667e-02,9.430071711540222168e-01,9.430071711540222168e-01,9.316743016242980957e-01,-0.000000000000000000e+00,-0.000000000000000000e+00,-9.316743016242980957e-01,0.000000000000000000e+00,0.000000000000000000e+00,6.071338057518005371e-01,0.000000000000000000e+00,0.000000000000000000e+00,-4.847452417016029358e-02,-9.430069327354431152e-01,-9.430069327354431152e-01
-6.571689844131469727e-01,-0.000000000000000000e+00,-0.000000000000000000e+00,1.320426017045974731e-01,9.611721038818359375e-01,9.611721038818359375e-01,9.119275212287902832e-01,-0.000000000000000000e+00,-0.000000000000000000e+00,-9.119275212287902832e-01,0.000000000000000000e+00,0.000000000000000000e+00,6.571689844131469727e-01,0.000000000000000000e+00,0.000000000000000000e+00,-1.320426166057586670e-01,-9.611732363700866699e-01,-9.611732363700866699e-01
-7.046598792076110840e-01,-0.000000000000000000e+00,-0.000000000000000000e+00,2.136346101760864258e-01,9.764260053634643555e-01,9.764260053634643555e-01,8.898461461067199707e-01,-0.000000000000000000e+00,-0.000000000000000000e+00,-8.898461461067199707e-01,0.000000000000000000e+00,0.000000000000000000e+00,7.046598792076110840e-01,0.000000000000000000e+00,0.000000000000000000e+00,-2.136345803737640381e-01,-9.764260053634643555e-01,-9.764260053634643555e-01
-7.494162321090698242e-01,-0.000000000000000000e+00,-0.000000000000000000e+00,2.928252518177032471e-01,9.886990785598754883e-01,9.886990785598754883e-01,8.653811216354370117e-01,-0.000000000000000000e+00,-0.000000000000000000e+00,-8.653811216354370117e-01,0.000000000000000000e+00,0.000000000000000000e+00,7.494162321090698242e-01,0.000000000000000000e+00,0.000000000000000000e+00,-2.928253114223480225e-01,-9.886990785598754883e-01,-9.886990785598754883e-01
-7.912635803222656250e-01,-0.000000000000000000e+00,-0.000000000000000000e+00,3.692288696765899658e-01,9.979308247566223145e-01,9.979308247566223145e-01,8.385036587715148926e-01,-0.000000000000000000e+00,-0.000000000000000000e+00,-8.385036587715148926e-01,0.000000000000000000e+00,0.000000000000000000e+00,7.912635803222656250e-01,0.000000000000000000e+00,0.000000000000000000e+00,-3.692288398742675781e-01,-9.979308247566223145e-01,-9.979308247566223145e-01
-8.300387859344482422e-01,-0.000000000000000000e+00,-0.000000000000000000e+00,4.424965977668762207e-01,1.004086017608642578e+00,1.004086017608642578e+00,8.091998100280761719e-01,-0.000000000000000000e+00,-0.000000000000000000e+00,-8.091998100280761719e-01,0.000000000000000000e+00,0.000000000000000000e+00,8.300387859344482422e-01,0.000000000000000000e+00,0.000000000000000000e+00,-4.424966573715209961e-01,-1.004086256027221680e+00,-1.004086256027221680e+00
-8.655915260314941406e-01,-0.000000000000000000e+00,-0.000000000000000000e+00,5.123147368431091309e-01,1.007179379463195801e+00,1.007179379463195801e+00,7.774715423583984375e-01,-0.000000000000000000e+00,-0.000000000000000000e+00,-7.774715423583984375e-01,0.000000000000000000e+00,0.000000000000000000e+00,8.655915260314941406e-01,0.000000000000000000e+00,0.000000000000000000e+00,-5.123147368431091309e-01,-1.007179379463195801e+00,-1.007179379463195801e+00
-8.977841734886169434e-01,-0.000000000000000000e+00,-0.000000000000000000e+00,5.784000754356384277e-01,1.005353569984436035e+00,1.005353569984436035e+00,7.433370947837829590e-01,-0.000000000000000000e+00,-0.000000000000000000e+00,-7.433370947837829590e-01,0.000000000000000000e+00,0.000000000000000000e+00,8.977842330932617188e-01,0.000000000000000000e+00,0.000000000000000000e+00,-5.784000754356384277e-01,-1.005353569984436035e+00,-1.005353569984436035e+00
-9.264935255050659180e-01,-0.000000000000000000e+00,-0.000000000000000000e+00,6.405032277107238770e-01,9.935242533683776855e-01,9.935242533683776855e-01,7.068300843238830566e-01,-0.000000000000000000e+00,-0.000000000000000000e+00,-7.068300843238830566e-01,0.000000000000000000e+00,0.000000000000000000e+00,9.264935255050659180e-01,0.000000000000000000e+00,0.000000000000000000e+00,-6.405032873153686523e-01,-9.935241341590881348e-01,-9.935241341590881348e-01
-9.516094923019409180e-01,2.160737849771976471e-02,2.160737849771976471e-02,6.984021663665771484e-01,9.711890220642089844e-01,9.711890220642089844e-01,6.679991483688354492e-01,-0.000000000000000000e+00,-0.000000000000000000e+00,-6.679991483688354492e-01,0.000000000000000000e+00,0.000000000000000000e+00,9.516094923019409180e-01,-2.160738967359066010e-02,-2.160738967359066010e-02,-6.984019875526428223e-01,-9.711893796920776367e-01,-9.711893796920776367e-01
-9.730386137962341309e-01,7.051921635866165161e-02,7.051921635866165161e-02,7.519039511680603027e-01,9.386308193206787109e-01,9.386308193206787109e-01,6.269117593765258789e-01,-0.000000000000000000e+00,-0.000000000000000000e+00,-6.269117593765258789e-01,0.000000000000000000e+00,0.000000000000000000e+00,9.730386137962341309e-01,-7.051923125982284546e-02,-7.051923125982284546e-02,-7.519040107727050781e-01,-9.386317729949951172e-01,-9.386317729949951172e-01
-9.906963109970092773e-01,1.194017305970191956e-01,1.194017305970191956e-01,8.008394837379455566e-01,8.962369561195373535e-01,8.962369561195373535e-01,5.836435556411743164e-01,-0.000000000000000000e+00,-0.000000000000000000e+00,-5.836435556411743164e-01,0.000000000000000000e+00,0.000000000000000000e+00,9.906963109970092773e-01,-1.194017454981803894e-01,-1.194017454981803894e-01,-8.008396625518798828e-01,-8.962369561195373535e-01,-8.962369561195373535e-01
-1.004517912864685059e+00,1.681357622146606445e-01,1.681357622146606445e-01,8.450691103935241699e-01,8.445009589195251465e-01,8.445009589195251465e-01,5.382916331291198730e-01,-0.000000000000000000e+00,-0.000000000000000000e+00,-5.382916331291198730e-01,0.000000000000000000e+00,0.000000000000000000e+00,1.004517912864685059e+00,-1.681357026100158691e-01,-1.681357026100158691e-01,-8.450694084167480469e-01,-8.445004820823669434e-01,-8.445004820823669434e-01
-1.014454245567321777e+00,2.166008055210113525e-01,2.166008055210113525e-01,8.844752907752990723e-01,7.840136885643005371e-01,7.840136885643005371e-01,4.909629225730895996e-01,-0.000000000000000000e+00,-0.000000000000000000e+00,-4.909629225730895996e-01,0.000000000000000000e+00,0.000000000000000000e+00,1.014454245567321777e+00,-2.166008800268173218e-01,-2.166008800268173218e-01,-8.844748139381408691e-01,-7.840138077735900879e-01,-7.840138077735900879e-01
-1.020494103431701660e+00,2.646589279174804688e-01,2.646589279174804688e-01,9.189562797546386719e-01,7.154859304428100586e-01,7.154859304428100586e-01,4.417960047721862793e-01,-0.000000000000000000e+00,-0.000000000000000000e+00,-4.417960047721862793e-01,0.000000000000000000e+00,0.000000000000000000e+00,1.020494103431701660e+00,-2.646589279174804688e-01,-2.646589279174804688e-01,-9.189563393592834473e-01,-7.154860496520996094e-01,-7.154860496520996094e-01
-1.022514104843139648e+00,3.122550249099731445e-01,3.122550249099731445e-01,9.485095739364624023e-01,6.396262049674987793e-01,6.396262049674987793e-01,3.908261656761169434e-01,-0.000000000000000000e+00,-0.000000000000000000e+00,-3.908261656761169434e-01,0.000000000000000000e+00,0.000000000000000000e+00,1.022514104843139648e+00,-3.122550249099731445e-01,-3.122550249099731445e-01,-9.485095739364624023e-01,-6.396263241767883301e-01,-6.396263241767883301e-01
-1.016214847564697266e+00,3.594550788402557373e-01,3.594550788402557373e-01,9.732906818389892578e-01,5.572901964187622070e-01,5.572901964187622070e-01,3.377740383148193359e-01,-0.000000000000000000e+00,-0.000000000000000000e+00,-3.377740383148193359e-01,0.000000000000000000e+00,0.000000000000000000e+00,1.016214847564697266e+00,-3.594550788402557373e-01,-3.594550788402557373e-01,-9.732906818389892578e-01,-5.572905540466308594e-01,-5.572905540466308594e-01
-9.984057545661926270e-01,4.062676429748535156e-01,4.062676429748535156e-01,9.931890964508056641e-01,4.693666994571685791e-01,4.693666994571685791e-01,2.824325561523437500e-01,-0.000000000000000000e+00,-0.000000000000000000e+00,-2.824325561523437500e-01,0.000000000000000000e+00,0.000000000000000000e+00,9.984058737754821777e-01,-4.062676429748535156e-01,-4.062676429748535156e-01,-9.931891560554504395e-01,-4.693667590618133545e-01,-4.693667590618133545e-01
-9.697050452232360840e-01,4.525271952152252197e-01,4.525271952152252197e-01,1.007968068122863770e+00,3.767939507961273193e-01,3.767939507961273193e-01,2.249613255262374878e-01,-0.000000000000000000e+00,-0.000000000000000000e+00,-2.249613255262374878e-01,0.000000000000000000e+00,0.000000000000000000e+00,9.697054028511047363e-01,-4.525271952152252197e-01,-4.525271952152252197e-01,-1.007967591285705566e+00,-3.767943084239959717e-01,-3.767943084239959717e-01
-9.308652281761169434e-01,4.980547428131103516e-01,4.980547428131103516e-01,1.017461657524108887e+00,2.805494368076324463e-01,2.805494368076324463e-01,1.655742377042770386e-01,-0.000000000000000000e+00,-0.000000000000000000e+00,-1.655742377042770386e-01,0.000000000000000000e+00,0.000000000000000000e+00,9.308652281761169434e-01,-4.980547428131103516e-01,-4.980547428131103516e-01,-1.017461657524108887e+00,-2.805494666099548340e-01,-2.805494666099548340e-01
-8.827159404754638672e-01,5.426688790321350098e-01,5.426688790321350098e-01,1.021519422531127930e+00,1.816468983888626099e-01,1.816468983888626099e-01,1.045307740569114685e-01,-0.000000000000000000e+00,-0.000000000000000000e+00,-1.045307740569114685e-01,0.000000000000000000e+00,0.000000000000000000e+00,8.827149271965026855e-01,-5.426688790321350098e-01,-5.426688790321350098e-01,-1.021519422531127930e+00,-1.816469281911849976e-01,-1.816469281911849976e-01
-8.262835144996643066e-01,5.861890912055969238e-01,5.861890912055969238e-01,1.021613001823425293e+00,8.120841532945632935e-02,8.120841532945632935e-02,4.230150207877159119e-02,-0.000000000000000000e+00,-0.000000000000000000e+00,-4.230150207877159119e-02,0.000000000000000000e+00,0.000000000000000000e+00,8.262835741043090820e-01,-5.861890912055969238e-01,-5.861890912055969238e-01,-1.021613001823425293e+00,-8.120843768119812012e-02,-8.120843768119812012e-02
-7.627565860748291016e-01,6.284345984458923340e-01,6.284345984458923340e-01,1.020518183708190918e+00,-0.000000000000000000e+00,-0.000000000000000000e+00,-2.048914507031440735e-02,-0.000000000000000000e+00,-0.000000000000000000e+00,2.048914507031440735e-02,0.000000000000000000e+00,0.000000000000000000e+00,7.627561688423156738e-01,-6.284345984458923340e-01,-6.284345984458923340e-01,-1.020518183708190918e+00,0.000000000000000000e+00,0.000000000000000000e+00
-6.932017803192138672e-01,6.692269444465637207e-01,6.692269444465637207e-01,1.018515348434448242e+00,-0.000000000000000000e+00,-0.000000000000000000e+00,-8.343166857957839966e-02,-0.000000000000000000e+00,-0.000000000000000000e+00,8.343166857957839966e-02,0.000000000000000000e+00,0.000000000000000000e+00,6.932018995285034180e-01,-6.692269444465637207e-01,-6.692269444465637207e-01,-1.018515348434448242e+00,0.000000000000000000e+00,0.000000000000000000e+00
-6.186317205429077148e-01,7.083910107612609863e-01,7.083910107612609863e-01,1.015372157096862793e+00,-0.000000000000000000e+00,-0.000000000000000000e+00,-1.462200134992599487e-01,-0.000000000000000000e+00,-0.000000000000000000e+00,1.462200134992599487e-01,0.000000000000000000e+00,0.000000000000000000e+00,6.186323761940002441e-01,-7.083912491798400879e-01,-7.083912491798400879e-01,-1.015372157096862793e+00,0.000000000000000000e+00,0.000000000000000000e+00
-5.400115847587585449e-01,7.457582354545593262e-01,7.457582354545593262e-01,1.010894894599914551e+00,-0.000000000000000000e+00,-0.000000000000000000e+00,-2.085743695497512817e-01,-0.000000000000000000e+00,-0.000000000000000000e+00,2.085743695497512817e-01,0.000000000000000000e+00,0.000000000000000000e+00,5.400133132934570312e-01,-7.457574605941772461e-01,-7.457574605941772461e-01,-1.010894894599914551e+00,0.000000000000000000e+00,0.000000000000000000e+00
-4.582501649856567383e-01,7.811684608459472656e-01,7.811684608459472656e-01,1.004915952682495117e+00,-0.000000000000000000e+00,-0.000000000000000000e+00,-2.702259123325347900e-01,-0.000000000000000000e+00,-0.000000000000000000e+00,2.702259123325347900e-01,0.000000000000000000e+00,0.000000000000000000e+00,4.582503736019134521e-01,-7.811684608459472656e-01,-7.811684608459472656e-01,-1.004915952682495117e+00,0.000000000000000000e+00,0.000000000000000000e+00
-3.741902709007263184e-01,8.144671916961669922e-01,8.144671916961669922e-01,9.972949624061584473e-01,-0.000000000000000000e+00,-0.000000000000000000e+00,-3.309116959571838379e-01,-0.000000000000000000e+00,-0.000000000000000000e+00,3.309116959571838379e-01,0.000000000000000000e+00,0.000000000000000000e+00,3.741911947727203369e-01,-8.144671916961669922e-01,-8.144671916961669922e-01,-9.972949624061584473e-01,0.000000000000000000e+00,0.000000000000000000e+00
-2.886166870594024658e-01,8.455103039741516113e-01,8.455103039741516113e-01,9.878939390182495117e-01,-0.000000000000000000e+00,-0.000000000000000000e+00,-3.903780579566955566e-01,-0.000000000000000000e+00,-0.000000000000000000e+00,3.903780579566955566e-01,0.000000000000000000e+00,0.000000000000000000e+00,2.886168658733367920e-01,-8.455103039741516113e-01,-8.455103039741516113e-01,-9.878939390182495117e-01,0.000000000000000000e+00,0.000000000000000000e+00
-2.022506445646286011e-01,8.741623759269714355e-01,8.741623759269714355e-01,9.765896797180175781e-01,-0.000000000000000000e+00,-0.000000000000000000e+00,-4.483768641948699951e-01,-0.000000000000000000e+00,-0.000000000000000000e+00,4.483768641948699951e-01,0.000000000000000000e+00,0.000000000000000000e+00,2.022509127855300903e-01,-8.741623759269714355e-01,-8.741623759269714355e-01,-9.765896797180175781e-01,0.000000000000000000e+00,0.000000000000000000e+00
-1.157567054033279419e-01,9.002978801727294922e-01,9.002978801727294922e-01,9.632674455642700195e-01,-0.000000000000000000e+00,-0.000000000000000000e+00,-5.046697854995727539e-01,-0.000000000000000000e+00,-0.000000000000000000e+00,5.046697854995727539e-01,0.000000000000000000e+00,0.000000000000000000e+00,1.157568767666816711e-01,-9.002978801727294922e-01,-9.002978801727294922e-01,-9.632675051689147949e-01,0.000000000000000000e+00,0.000000000000000000e+00
